model,layer,beta,condition,seeds,accuracy,valid_rate,prediction_changed_rate,mean_expected_count_shift,mean_direction_aligned_shift,mean_generated_shift_valid_only,mean_endpoint_probe_shift,mean_relative_state_norm
Qwen3-8B,0,-1.0,ridge,10,1.0,1.0,0.0,0.0003458675432533642,-0.0003458675432533642,0.0,-14.792629528045655,0.058675835387095074
Qwen3-8B,0,-1.0,random,10,1.0,1.0,0.0,0.0001950373378662551,-0.0001950373378662551,0.0,-0.022769962437450886,0.05875794369489882
Qwen3-8B,0,1.0,ridge,10,1.0,1.0,0.0,0.0003453116504794185,0.0003453116504794185,0.0,14.789130306243896,0.05867420318526974
Qwen3-8B,0,1.0,random,10,1.0,1.0,0.0,0.00027639529114451553,0.00027639529114451553,0.0,0.0264128927141428,0.0587585860973099
Qwen3-8B,1,-1.0,ridge,10,1.0,1.0,0.0,0.00022127657427972736,-0.00022127657427972736,0.0,-8.054987716674805,0.03317717501227063
Qwen3-8B,1,-1.0,random,10,1.0,1.0,0.0,0.00041654254723688666,-0.00041654254723688666,0.0,0.013328170403838158,0.03323678901885199
Qwen3-8B,1,1.0,ridge,10,1.0,1.0,0.0,0.0004470130386741378,0.0004470130386741378,0.0,8.052684783935547,0.03317722322633395
Qwen3-8B,1,1.0,random,10,1.0,1.0,0.0,-0.00022813580621838803,-0.00022813580621838803,0.0,-0.012316560000181198,0.033236564264885374
Qwen3-8B,2,-1.0,ridge,10,1.0,1.0,0.0,0.00036835746143193404,-0.00036835746143193404,0.0,-4.688083744049072,0.037105410608748356
Qwen3-8B,2,-1.0,random,10,1.0,1.0,0.0,0.00020952219374912318,-0.00020952219374912318,0.0,-0.0028654992580413817,0.03703235279877107
Qwen3-8B,2,1.0,ridge,10,1.0,1.0,0.0,-0.0014385134563119628,-0.0014385134563119628,0.0,4.690967321395874,0.037117015812137714
Qwen3-8B,2,1.0,random,10,1.0,1.0,0.0,-5.200644790885889e-05,-5.200644790885889e-05,0.0,0.0035482801496982573,0.03703467845244866
Qwen3-8B,3,-1.0,ridge,10,1.0,1.0,0.0,0.00023107650411842152,-0.00023107650411842152,0.0,-3.2182579040527344,0.03993557386416666
Qwen3-8B,3,-1.0,random,10,1.0,1.0,0.0,-8.763156537838768e-05,8.763156537838768e-05,0.0,-0.005881104059517384,0.03999585210629497
Qwen3-8B,3,1.0,ridge,10,1.0,1.0,0.0,-7.120518410324017e-05,-7.120518410324017e-05,0.0,3.2183786392211915,0.03994051854234857
Qwen3-8B,3,1.0,random,10,1.0,1.0,0.0,0.00012604231726385252,0.00012604231726385252,0.0,0.006084080459550023,0.039995527384917955
Qwen3-8B,4,-1.0,ridge,10,1.0,1.0,0.0,0.00019646527735699414,-0.00019646527735699414,0.0,-1.6057394862174987,0.025992516370972357
Qwen3-8B,4,-1.0,random,10,1.0,1.0,0.0,0.00010668164816607373,-0.00010668164816607373,0.0,-0.002010714169591665,0.02597098514049479
Qwen3-8B,4,1.0,ridge,10,1.0,1.0,0.0,-0.00014891639572405245,-0.00014891639572405245,0.0,1.606118905544281,0.025990163065821786
Qwen3-8B,4,1.0,random,10,1.0,1.0,0.0,0.0003258961872737665,0.0003258961872737665,0.0,0.0021853208541870116,0.025971799375616313
Qwen3-8B,5,-1.0,ridge,10,1.0,1.0,0.0,0.0003768920026216094,-0.0003768920026216094,0.0,-1.7163878321647643,0.02932806235349656
Qwen3-8B,5,-1.0,random,10,1.0,1.0,0.0,0.00021180732712999806,-0.00021180732712999806,0.0,0.0011562850326299668,0.029366177119631375
Qwen3-8B,5,1.0,ridge,10,1.0,1.0,0.0,9.235225784687273e-06,9.235225784687273e-06,0.0,1.7154846906661987,0.029316872549555673
Qwen3-8B,5,1.0,random,10,1.0,1.0,0.0,6.796548127612212e-05,6.796548127612212e-05,0.0,-0.001316909771412611,0.029366382058934864
Qwen3-8B,6,-1.0,ridge,10,1.0,1.0,0.0,0.0004204862403532683,-0.0004204862403532683,0.0,-1.4241682052612306,0.02417575313136127
Qwen3-8B,6,-1.0,random,10,1.0,1.0,0.0,-2.6566852570741872e-05,2.6566852570741872e-05,0.0,0.0022985958494246006,0.024185901936112777
Qwen3-8B,6,1.0,ridge,10,1.0,1.0,0.0,0.00014151994937012803,0.00014151994937012803,0.0,1.4244887113571167,0.02417541602312852
Qwen3-8B,6,1.0,random,10,1.0,1.0,0.0,0.0003192784789694425,0.0003192784789694425,0.0,-0.00278626699000597,0.02418498476011557
Qwen3-8B,7,-1.0,ridge,10,1.0,1.0,0.0,0.0001658502899407388,-0.0001658502899407388,0.0,-1.362429177761078,0.028222266798154334
Qwen3-8B,7,-1.0,random,10,1.0,1.0,0.0,0.00014278891637324874,-0.00014278891637324874,0.0,0.0006395815871655941,0.028189698051354784
Qwen3-8B,7,1.0,ridge,10,1.0,1.0,0.0,0.00016275499945166415,0.00016275499945166415,0.0,1.3621516704559327,0.028219983751835348
Qwen3-8B,7,1.0,random,10,1.0,1.0,0.0,-0.000967652572681299,-0.000967652572681299,0.0,-0.0007753487676382065,0.028188436866747622
Qwen3-8B,8,-1.0,ridge,10,1.0,1.0,0.0,0.00018283955317475176,-0.00018283955317475176,0.0,-1.6053701996803285,0.038649540113894446
Qwen3-8B,8,-1.0,random,10,1.0,1.0,0.0,0.00012246539403695244,-0.00012246539403695244,0.0,0.006258077546954155,0.038632748363241584
Qwen3-8B,8,1.0,ridge,10,1.0,1.0,0.0,0.00020538373263256915,0.00020538373263256915,0.0,1.6050561904907226,0.03864982177410453
Qwen3-8B,8,1.0,random,10,1.0,1.0,0.0,-8.555434220283153e-05,-8.555434220283153e-05,0.0,-0.005685136839747429,0.03863237140842191
Qwen3-8B,9,-1.0,ridge,10,1.0,1.0,0.0,0.00034554123914363186,-0.00034554123914363186,0.0,-1.364419734477997,0.04595417677542589
Qwen3-8B,9,-1.0,random,10,1.0,1.0,0.0,-0.0002689117052168122,0.0002689117052168122,0.0,-0.0018286538310348988,0.04585658906939146
Qwen3-8B,9,1.0,ridge,10,1.0,1.0,0.0,-0.0008549498985241488,-0.0008549498985241488,0.0,1.3641069769859313,0.045952899989177856
Qwen3-8B,9,1.0,random,10,1.0,1.0,0.0,0.0003133965404576333,0.0003133965404576333,0.0,0.0019037745893001556,0.045855138769924926
Qwen3-8B,10,-1.0,ridge,10,1.0,1.0,0.0,0.00010083705501640061,-0.00010083705501640061,0.0,-1.5200056910514832,0.04386623971379336
Qwen3-8B,10,-1.0,random,10,1.0,1.0,0.0,0.0001812237560344432,-0.0001812237560344432,0.0,-0.0012421760475263,0.04397057971792619
Qwen3-8B,10,1.0,ridge,10,1.0,1.0,0.0,-2.5335717175067885e-05,-2.5335717175067885e-05,0.0,1.5194504380226135,0.043858893132266485
Qwen3-8B,10,1.0,random,10,1.0,1.0,0.0,7.61452291126119e-05,7.61452291126119e-05,0.0,0.001197358313947916,0.04397127822975826
Qwen3-8B,11,-1.0,ridge,10,1.0,1.0,0.0,4.603164609537913e-05,-4.603164609537913e-05,0.0,-1.6108602046966554,0.044393601543039764
Qwen3-8B,11,-1.0,random,10,1.0,1.0,0.0,0.00011289213886032102,-0.00011289213886032102,0.0,7.58086796849966e-05,0.044266007432810665
Qwen3-8B,11,1.0,ridge,10,1.0,1.0,0.0,-0.0001497946579540166,-0.0001497946579540166,0.0,1.6099936842918396,0.04439129341054948
Qwen3-8B,11,1.0,random,10,1.0,1.0,0.0,-0.0001518840524090237,-0.0001518840524090237,0.0,0.00026290528476238253,0.04426563591519029
Qwen3-8B,12,-1.0,ridge,10,1.0,1.0,0.0,1.6767002017914479e-06,-1.6767002017914479e-06,0.0,-1.707005536556244,0.04451279860929026
Qwen3-8B,12,-1.0,random,10,1.0,1.0,0.0,0.00012769498138434087,-0.00012769498138434087,0.0,0.0017500607762485742,0.04451839416345158
Qwen3-8B,12,1.0,ridge,10,1.0,1.0,0.0,-9.918567916185061e-05,-9.918567916185061e-05,0.0,1.7077728629112243,0.044516599730388115
Qwen3-8B,12,1.0,random,10,1.0,1.0,0.0,-0.0007149498379872554,-0.0007149498379872554,0.0,-0.0019055004231631756,0.04451962598002385
Qwen3-8B,13,-1.0,ridge,10,1.0,1.0,0.0,-0.00011028339120691121,0.00011028339120691121,0.0,-1.6791897296905518,0.053129481119203126
Qwen3-8B,13,-1.0,random,10,1.0,1.0,0.0,5.710350538592479e-05,-5.710350538592479e-05,0.0,0.0018887722864747048,0.053114320455474484
Qwen3-8B,13,1.0,ridge,10,1.0,1.0,0.0,0.00013572275831532643,0.00013572275831532643,0.0,1.6795085668563843,0.0531321918092433
Qwen3-8B,13,1.0,random,10,1.0,1.0,0.0,-0.0002436694427263131,-0.0002436694427263131,0.0,-0.0019397277384996415,0.053114361766491126
Qwen3-8B,14,-1.0,ridge,10,1.0,1.0,0.0,5.749593534694064e-05,-5.749593534694064e-05,0.0,-1.3847085118293763,0.04138137671519881
Qwen3-8B,14,-1.0,random,10,1.0,1.0,0.0,3.6973998471889756e-05,-3.6973998471889756e-05,0.0,-0.0004294872283935547,0.0413946484894538
Qwen3-8B,14,1.0,ridge,10,1.0,1.0,0.0,-0.000520052659773862,-0.000520052659773862,0.0,1.3849056959152222,0.04138115313604146
Qwen3-8B,14,1.0,random,10,1.0,1.0,0.0,5.1382390832843686e-05,5.1382390832843686e-05,0.0,0.0006210746243596077,0.041395967199303725
Qwen3-8B,15,-1.0,ridge,10,1.0,1.0,0.0,7.968431795863928e-05,-7.968431795863928e-05,0.0,-1.502364158630371,0.04548895485488728
Qwen3-8B,15,-1.0,random,10,1.0,1.0,0.0,8.577166819190296e-05,-8.577166819190296e-05,0.0,0.001683983183465898,0.04557416068290378
Qwen3-8B,15,1.0,ridge,10,1.0,1.0,0.0,8.722246460051153e-05,8.722246460051153e-05,0.0,1.5024566769599914,0.04549409310975957
Qwen3-8B,15,1.0,random,10,1.0,1.0,0.0,-0.0002018160735716812,-0.0002018160735716812,0.0,-0.0015834958292543888,0.04557440321180385
Qwen3-8B,16,-1.0,ridge,10,1.0,1.0,0.0,-0.0004974828097289219,0.0004974828097289219,0.0,-3.204527807235718,0.09527424904612682
Qwen3-8B,16,-1.0,random,10,1.0,1.0,0.0,0.0005010078884283064,-0.0005010078884283064,0.0,0.0006192666478455067,0.09526032873024023
Qwen3-8B,16,1.0,ridge,10,1.0,1.0,0.0,8.099814229294289e-05,8.099814229294289e-05,0.0,3.2049495220184325,0.0952718155636989
Qwen3-8B,16,1.0,random,10,1.0,1.0,0.0,-0.0004264630466776165,-0.0004264630466776165,0.0,-0.0002936840057373047,0.09525812380505734
Qwen3-8B,17,-1.0,ridge,10,0.9,1.0,0.1,-0.043918443605981364,0.043918443605981364,-0.1,-5.315765237808227,0.15297114199376038
Qwen3-8B,17,-1.0,random,10,1.0,1.0,0.0,-0.003484776275312873,0.003484776275312873,0.0,0.0016547154635190963,0.15303093783783236
Qwen3-8B,17,1.0,ridge,10,1.0,1.0,0.0,-6.73884424971849e-05,-6.73884424971849e-05,0.0,5.315937423706055,0.15298481636376618
Qwen3-8B,17,1.0,random,10,1.0,1.0,0.0,2.8238798176971613e-05,2.8238798176971613e-05,0.0,-0.0014500536024570465,0.15303222776429384
Qwen3-8B,18,-1.0,ridge,10,1.0,1.0,0.0,0.00013171573221857358,-0.00013171573221857358,0.0,-6.843677282333374,0.2032152636268841
Qwen3-8B,18,-1.0,random,10,1.0,1.0,0.0,-0.00016803797365456675,0.00016803797365456675,0.0,0.0008252499625086785,0.20324020723464392
Qwen3-8B,18,1.0,ridge,10,0.4,1.0,0.6,-0.26665936996503903,-0.26665936996503903,-0.4,6.842787647247315,0.20322193747766923
Qwen3-8B,18,1.0,random,10,0.9,1.0,0.1,-0.10805143264167186,-0.10805143264167186,-0.1,-0.0010264717042446137,0.203242450795043
Qwen3-8B,19,-1.0,ridge,10,1.0,1.0,0.0,9.34016253342218e-05,-9.34016253342218e-05,0.0,-2.6003764152526854,0.09220264420073457
Qwen3-8B,19,-1.0,random,10,1.0,1.0,0.0,-2.529491568417086e-05,2.529491568417086e-05,0.0,-0.0006417621858417988,0.09222636335060042
Qwen3-8B,19,1.0,ridge,10,1.0,1.0,0.0,-0.005442612721292805,-0.005442612721292805,0.0,2.600394916534424,0.09221414400595902
Qwen3-8B,19,1.0,random,10,1.0,1.0,0.0,0.00013978217207983868,0.00013978217207983868,0.0,0.0004921834915876389,0.09222840399232723
Qwen3-8B,20,-1.0,ridge,10,1.0,1.0,0.0,0.0007996400758779832,-0.0007996400758779832,0.0,-6.144651222229004,0.23563802979363432
Qwen3-8B,20,-1.0,random,10,1.0,1.0,0.0,0.0011517134563647335,-0.0011517134563647335,0.0,-0.0031242437660694124,0.2355424312486054
Qwen3-8B,20,1.0,ridge,10,0.9,1.0,0.1,-0.08587358576744455,-0.08587358576744455,-0.1,6.144632148742676,0.2356195262670509
Qwen3-8B,20,1.0,random,10,1.0,1.0,0.0,-0.003192528742891465,-0.003192528742891465,0.0,0.0032075032591819762,0.23553108411453305
Qwen3-8B,21,-1.0,ridge,10,1.0,1.0,0.0,0.00011129444411395184,-0.00011129444411395184,0.0,-1.989765989780426,0.07018111921484914
Qwen3-8B,21,-1.0,random,10,1.0,1.0,0.0,9.097775787907381e-05,-9.097775787907381e-05,0.0,0.0016066107898950576,0.07014002433719252
Qwen3-8B,21,1.0,ridge,10,1.0,1.0,0.0,-0.00027001274073263916,-0.00027001274073263916,0.0,1.9898292660713195,0.07019033618692802
Qwen3-8B,21,1.0,random,10,1.0,1.0,0.0,3.832604939772999e-05,3.832604939772999e-05,0.0,-0.0017754414118826389,0.0701409659604973
Qwen3-8B,22,-1.0,ridge,10,1.0,1.0,0.0,8.191682822928925e-05,-8.191682822928925e-05,0.0,-3.4166767597198486,0.1473561131856313
Qwen3-8B,22,-1.0,random,10,1.0,1.0,0.0,0.00036967817478683607,-0.00036967817478683607,0.0,0.0010877568274736404,0.14738135098317193
Qwen3-8B,22,1.0,ridge,10,1.0,1.0,0.0,-1.0215608443608915e-06,-1.0215608443608915e-06,0.0,3.416841650009155,0.14733655665388773
Qwen3-8B,22,1.0,random,10,1.0,1.0,0.0,-1.884358909589601e-05,-1.884358909589601e-05,0.0,-0.0011017994955182075,0.14738542530914
Qwen3-8B,23,-1.0,ridge,10,1.0,1.0,0.0,1.939199267724234e-05,-1.939199267724234e-05,0.0,-4.8899084568023685,0.21647900583528407
Qwen3-8B,23,-1.0,random,10,1.0,1.0,0.0,0.000157715715172424,-0.000157715715172424,0.0,-0.00032246746122837066,0.21641298549280474
Qwen3-8B,23,1.0,ridge,10,1.0,1.0,0.0,0.0030887609762194844,0.0030887609762194844,0.0,4.89035267829895,0.216482785423005
Qwen3-8B,23,1.0,random,10,1.0,1.0,0.0,-6.775277195059104e-06,-6.775277195059104e-06,0.0,0.0002894878387451172,0.21641167481583162
Qwen3-8B,24,-1.0,ridge,10,1.0,1.0,0.0,1.8653747150310095e-05,-1.8653747150310095e-05,0.0,-4.848670434951782,0.19398707189297335
Qwen3-8B,24,-1.0,random,10,1.0,1.0,0.0,5.23439299528583e-05,-5.23439299528583e-05,0.0,0.003963335789740086,0.19407701807169925
Qwen3-8B,24,1.0,ridge,10,1.0,1.0,0.0,0.0007541395369822012,0.0007541395369822012,0.0,4.848623037338257,0.19397041604686643
Qwen3-8B,24,1.0,random,10,1.0,1.0,0.0,0.00020933776124585358,0.00020933776124585358,0.0,-0.0038777485489845274,0.19407671354978498
Qwen3-8B,25,-1.0,ridge,10,1.0,1.0,0.0,1.7091516658540586e-05,-1.7091516658540586e-05,0.0,-4.505111312866211,0.1719256979470603
Qwen3-8B,25,-1.0,random,10,1.0,1.0,0.0,0.00036974064673533924,-0.00036974064673533924,0.0,-0.0014368160627782345,0.17200644618986244
Qwen3-8B,25,1.0,ridge,10,1.0,1.0,0.0,0.0010490646954422367,0.0010490646954422367,0.0,4.5051483631134035,0.17191464387422056
Qwen3-8B,25,1.0,random,10,1.0,1.0,0.0,-0.0001442586345940633,-0.0001442586345940633,0.0,0.001565699651837349,0.1720097655953842
Qwen3-8B,26,-1.0,ridge,10,1.0,1.0,0.0,2.9603311539272425e-05,-2.9603311539272425e-05,0.0,-4.780000495910644,0.17273088814222404
Qwen3-8B,26,-1.0,random,10,1.0,1.0,0.0,9.325804666593385e-05,-9.325804666593385e-05,0.0,0.0011069215834140778,0.17268644924776888
Qwen3-8B,26,1.0,ridge,10,1.0,1.0,0.0,-0.0010961853325539561,-0.0010961853325539561,0.0,4.782497406005859,0.17275031127072776
Qwen3-8B,26,1.0,random,10,1.0,1.0,0.0,-0.00013758773045182692,-0.00013758773045182692,0.0,-0.001125425286591053,0.1726882015509891
Qwen3-8B,27,-1.0,ridge,10,1.0,1.0,0.0,3.936146773106941e-05,-3.936146773106941e-05,0.0,-4.0642828941345215,0.14945269107247752
Qwen3-8B,27,-1.0,random,10,1.0,1.0,0.0,-4.780490705593721e-05,4.780490705593721e-05,0.0,-0.0005492955446243286,0.14944553454934184
Qwen3-8B,27,1.0,ridge,10,1.0,1.0,0.0,0.0006365978998114308,0.0006365978998114308,0.0,4.0642496109008786,0.14943686959394592
Qwen3-8B,27,1.0,random,10,1.0,1.0,0.0,0.0002749472199241598,0.0002749472199241598,0.0,0.0005497798323631286,0.14944533098845442
Qwen3-8B,28,-1.0,ridge,10,1.0,1.0,0.0,2.1282598271410437e-05,-2.1282598271410437e-05,0.0,-3.1122437477111817,0.1196014599211895
Qwen3-8B,28,-1.0,random,10,1.0,1.0,0.0,5.539089743478165e-05,-5.539089743478165e-05,0.0,-0.0023779541254043577,0.11965673164503703
Qwen3-8B,28,1.0,ridge,10,1.0,1.0,0.0,9.49518636587765e-05,9.49518636587765e-05,0.0,3.1121826171875,0.11960636186324596
Qwen3-8B,28,1.0,random,10,1.0,1.0,0.0,0.0001059936386282434,0.0001059936386282434,0.0,0.002792143728584051,0.1196600141321135
Qwen3-8B,29,-1.0,ridge,10,1.0,1.0,0.0,-2.9856073140965832e-05,2.9856073140965832e-05,0.0,-2.397464966773987,0.09681674681323979
Qwen3-8B,29,-1.0,random,10,1.0,1.0,0.0,-7.441712917710675e-06,7.441712917710675e-06,0.0,0.002477769274264574,0.09687310925842241
Qwen3-8B,29,1.0,ridge,10,1.0,1.0,0.0,5.0526105247428174e-05,5.0526105247428174e-05,0.0,2.3976793766021727,0.09682413638893714
Qwen3-8B,29,1.0,random,10,1.0,1.0,0.0,8.702574451464606e-05,8.702574451464606e-05,0.0,-0.0023390345741063356,0.09687279029835082
Qwen3-8B,30,-1.0,ridge,10,1.0,1.0,0.0,5.211886547384914e-05,-5.211886547384914e-05,0.0,-0.9395376205444336,0.04454070782784644
Qwen3-8B,30,-1.0,random,10,1.0,1.0,0.0,2.3875811544149526e-05,-2.3875811544149526e-05,0.0,5.623335018754005e-05,0.04455036687924442
Qwen3-8B,30,1.0,ridge,10,1.0,1.0,0.0,8.747986641148842e-05,8.747986641148842e-05,0.0,0.9391116917133331,0.04453149919515112
Qwen3-8B,30,1.0,random,10,1.0,1.0,0.0,-3.080398587762545e-06,-3.080398587762545e-06,0.0,-6.505332421511412e-05,0.04455026504581517
Qwen3-8B,31,-1.0,ridge,10,1.0,1.0,0.0,-9.253712213430631e-06,9.253712213430631e-06,0.0,-0.885608047246933,0.04627251240677987
Qwen3-8B,31,-1.0,random,10,1.0,1.0,0.0,-5.177887585250396e-05,5.177887585250396e-05,0.0,-4.310845397412777e-05,0.046232604156711946
Qwen3-8B,31,1.0,ridge,10,1.0,1.0,0.0,1.756635465746115e-05,1.756635465746115e-05,0.0,0.8856268525123596,0.046271033506826056
Qwen3-8B,31,1.0,random,10,1.0,1.0,0.0,6.56629793576613e-05,6.56629793576613e-05,0.0,3.665697295218706e-05,0.046231866070371136
Qwen3-8B,32,-1.0,ridge,10,1.0,1.0,0.0,5.523887912803893e-05,-5.523887912803893e-05,0.0,-0.8938678920269012,0.04540119806363693
Qwen3-8B,32,-1.0,random,10,1.0,1.0,0.0,3.633195623944374e-05,-3.633195623944374e-05,0.0,-0.0002707717474550009,0.045430840340176304
Qwen3-8B,32,1.0,ridge,10,1.0,1.0,0.0,7.791761780038265e-05,7.791761780038265e-05,0.0,0.8938561320304871,0.04539985120073924
Qwen3-8B,32,1.0,random,10,1.0,1.0,0.0,6.750091524803104e-05,6.750091524803104e-05,0.0,0.00030157258734107015,0.04542836458427592
Qwen3-8B,33,-1.0,ridge,10,1.0,1.0,0.0,3.713366254909367e-05,-3.713366254909367e-05,0.0,-1.0156745195388794,0.04865610872501917
Qwen3-8B,33,-1.0,random,10,1.0,1.0,0.0,9.739046566892284e-06,-9.739046566892284e-06,0.0,-0.0009297392563894391,0.048652672323231824
Qwen3-8B,33,1.0,ridge,10,1.0,1.0,0.0,4.255939040058721e-05,4.255939040058721e-05,0.0,1.015848982334137,0.04865744185028428
Qwen3-8B,33,1.0,random,10,1.0,1.0,0.0,-3.851561495338274e-05,-3.851561495338274e-05,0.0,0.000863522500731051,0.048650446170875696
Qwen3-8B,34,-1.0,ridge,10,1.0,1.0,0.0,4.2658402408379815e-05,-4.2658402408379815e-05,0.0,-1.0258686065673828,0.04330481178515596
Qwen3-8B,34,-1.0,random,10,1.0,1.0,0.0,5.6972782435904536e-05,-5.6972782435904536e-05,0.0,-0.0005758252693340183,0.04330259155393844
Qwen3-8B,34,1.0,ridge,10,1.0,1.0,0.0,4.078713098421005e-05,4.078713098421005e-05,0.0,1.0259495615959167,0.04330580393980405
Qwen3-8B,34,1.0,random,10,1.0,1.0,0.0,6.319526820397492e-05,6.319526820397492e-05,0.0,0.0005937789916060865,0.04330269642079913
Qwen3-8B,35,-1.0,ridge,10,1.0,1.0,0.0,0.0,0.0,0.0,-1.1159083485603332,0.055230908458492066
Qwen3-8B,35,-1.0,random,10,1.0,1.0,0.0,0.0,0.0,0.0,0.00037809228524565697,0.05522826758829393
Qwen3-8B,35,1.0,ridge,10,1.0,1.0,0.0,0.0,0.0,0.0,1.1161545276641847,0.05523102255564503
Qwen3-8B,35,1.0,random,10,1.0,1.0,0.0,0.0,0.0,0.0,-0.0004497687565162778,0.05522935599957055
Gemma4-E4B,0,-1.0,ridge,10,1.0,1.0,0.0,0.0040634298201426946,-0.0040634298201426946,0.0,-2.4186418056488037,0.032101095395491816
Gemma4-E4B,0,-1.0,random,10,1.0,1.0,0.0,0.0017055595421323843,-0.0017055595421323843,0.0,0.009817110188305379,0.03205482145403789
Gemma4-E4B,0,1.0,ridge,10,1.0,1.0,0.0,0.0007770429051120242,0.0007770429051120242,0.0,2.418405628204346,0.03206664167203141
Gemma4-E4B,0,1.0,random,10,1.0,1.0,0.0,0.0020102966938399637,0.0020102966938399637,0.0,-0.010148579347878694,0.032055225732729585
Gemma4-E4B,1,-1.0,ridge,10,1.0,1.0,0.0,0.0020630989955586986,-0.0020630989955586986,0.0,-2.9516263246536254,0.010595296969021381
Gemma4-E4B,1,-1.0,random,10,1.0,1.0,0.0,0.00795061947062572,-0.00795061947062572,0.0,0.004299501795321703,0.010606188752644978
Gemma4-E4B,1,1.0,ridge,10,1.0,1.0,0.0,-0.0006159588024036821,-0.0006159588024036821,0.0,2.952928304672241,0.010596730485839234
Gemma4-E4B,1,1.0,random,10,1.0,1.0,0.0,-0.015385420453231413,-0.015385420453231413,0.0,-0.0044968781061470505,0.010605231714856177
Gemma4-E4B,2,-1.0,ridge,10,1.0,1.0,0.0,0.00028411832052461784,-0.00028411832052461784,0.0,-2.0499962091445925,0.02197784564614543
Gemma4-E4B,2,-1.0,random,10,1.0,1.0,0.0,-0.03356221706511002,0.03356221706511002,0.0,0.0005720034241676331,0.021950980245522722
Gemma4-E4B,2,1.0,ridge,10,1.0,1.0,0.0,-0.0009821874773893401,-0.0009821874773893401,0.0,2.050679898262024,0.021975243519713663
Gemma4-E4B,2,1.0,random,10,0.9,1.0,0.1,-0.04593080370042739,-0.04593080370042739,-0.1,-0.00022802194580435754,0.021950861841269112
Gemma4-E4B,3,-1.0,ridge,10,1.0,1.0,0.0,0.003115115395453838,-0.003115115395453838,0.0,-2.1063674449920655,0.025691790903565142
Gemma4-E4B,3,-1.0,random,10,1.0,1.0,0.0,-0.004207744493284959,0.004207744493284959,0.0,-0.001579793356359005,0.025711856925483584
Gemma4-E4B,3,1.0,ridge,10,1.0,1.0,0.0,-0.004929041554224733,-0.004929041554224733,0.0,2.1075172662734984,0.025691089113854926
Gemma4-E4B,3,1.0,random,10,1.0,1.0,0.0,-0.01494410574348315,-0.01494410574348315,0.0,0.0012149320915341376,0.02571358551395218
Gemma4-E4B,4,-1.0,ridge,10,1.0,1.0,0.0,0.004440199897211538,-0.004440199897211538,0.0,-3.096645736694336,0.03493953622762371
Gemma4-E4B,4,-1.0,random,10,0.8,1.0,0.2,-0.18579924509796825,0.18579924509796825,-0.2,0.0026884593069553377,0.034885446819224696
Gemma4-E4B,4,1.0,ridge,10,1.0,1.0,0.0,-0.0018549340512033386,-0.0018549340512033386,0.0,3.096403169631958,0.0349410388126429
Gemma4-E4B,4,1.0,random,10,0.5,1.0,0.5,-0.5416562808673284,-0.5416562808673284,-0.5,-0.002983556129038334,0.03488447534728896
Gemma4-E4B,5,-1.0,ridge,10,1.0,1.0,0.0,-0.0006588656638085499,0.0006588656638085499,0.0,-1.5931793451309204,0.02621881073281627
Gemma4-E4B,5,-1.0,random,10,0.9,1.0,0.1,-0.08425123393155518,0.08425123393155518,-0.1,-0.005691190902143717,0.02631722998147117
Gemma4-E4B,5,1.0,ridge,10,1.0,1.0,0.0,0.001070830333744821,0.001070830333744821,0.0,1.5934154748916627,0.026221969342412093
Gemma4-E4B,5,1.0,random,10,0.9,1.0,0.1,-0.05035158967895668,-0.05035158967895668,-0.1,0.005701374635100365,0.026317695136289343
Gemma4-E4B,6,-1.0,ridge,10,1.0,1.0,0.0,-0.0025131503110294327,0.0025131503110294327,0.0,-1.9808145999908446,0.022170808773636246
Gemma4-E4B,6,-1.0,random,10,0.9,1.0,0.1,-0.0792108735691012,0.0792108735691012,-0.1,-0.005621211417019367,0.0222177166830827
Gemma4-E4B,6,1.0,ridge,10,1.0,1.0,0.0,0.0024006476785827678,0.0024006476785827678,0.0,1.9802818536758422,0.02217285740309875
Gemma4-E4B,6,1.0,random,10,1.0,1.0,0.0,-0.03698892529193922,-0.03698892529193922,0.0,0.005732928728684783,0.02221815055747785
Gemma4-E4B,7,-1.0,ridge,10,1.0,1.0,0.0,-0.002057217431548519,0.002057217431548519,0.0,-2.268004608154297,0.03213862240521361
Gemma4-E4B,7,-1.0,random,10,1.0,1.0,0.0,0.002540455005042652,-0.002540455005042652,0.0,-0.004192385450005531,0.03215528631780448
Gemma4-E4B,7,1.0,ridge,10,1.0,1.0,0.0,0.00148927486456234,0.00148927486456234,0.0,2.2671457529067993,0.03213624278782101
Gemma4-E4B,7,1.0,random,10,0.8,1.0,0.2,-0.23220372109703374,-0.23220372109703374,-0.2,0.004404139239341021,0.032155339541248454
Gemma4-E4B,8,-1.0,ridge,10,1.0,1.0,0.0,-0.003494577609497185,0.003494577609497185,0.0,-2.720596694946289,0.044216731535573886
Gemma4-E4B,8,-1.0,random,10,0.2,1.0,0.8,-0.7893304155409295,0.7893304155409295,-0.8,-0.00380791905336082,0.04424368304404458
Gemma4-E4B,8,1.0,ridge,10,1.0,1.0,0.0,0.0011254290072874261,0.0011254290072874261,0.0,2.7208301782608033,0.04422394616929169
Gemma4-E4B,8,1.0,random,10,0.3,1.0,0.7,-0.7047332637361438,-0.7047332637361438,-0.7,0.003899544547311962,0.04424253846414707
Gemma4-E4B,9,-1.0,ridge,10,1.0,1.0,0.0,4.440921242623297e-05,-4.440921242623297e-05,0.0,-2.7127713203430175,0.033135323818183265
Gemma4-E4B,9,-1.0,random,10,0.0,1.0,1.0,-0.9887457829561486,0.9887457829561486,-1.0,0.01343005858361721,0.03312288493158322
Gemma4-E4B,9,1.0,ridge,10,1.0,1.0,0.0,0.0013987900864115056,0.0013987900864115056,0.0,2.713460683822632,0.03314373174450962
Gemma4-E4B,9,1.0,random,10,0.3,1.0,0.7,-0.6854368518533438,-0.6854368518533438,-0.7,-0.0140249190852046,0.033124019541199895
Gemma4-E4B,10,-1.0,ridge,10,1.0,1.0,0.0,-0.00027807511909019313,0.00027807511909019313,0.0,-2.169951391220093,0.024573078210760553
Gemma4-E4B,10,-1.0,random,10,0.7,1.0,0.3,-0.34590234284204396,0.34590234284204396,-0.3,0.00044322125613689424,0.024591431369872026
Gemma4-E4B,10,1.0,ridge,10,1.0,1.0,0.0,-0.0014771731131042465,-0.0014771731131042465,0.0,2.1708938598632814,0.024575930917554768
Gemma4-E4B,10,1.0,random,10,0.3,1.0,0.7,-0.7156750221351638,-0.7156750221351638,-0.7,-0.0009111977182328701,0.024590878919123815
Gemma4-E4B,11,-1.0,ridge,10,1.0,1.0,0.0,-0.009045713034809033,0.009045713034809033,0.0,-1.7995372653007506,0.030411159037085373
Gemma4-E4B,11,-1.0,random,10,0.9,1.0,0.1,-0.09101308648426994,0.09101308648426994,-0.1,-0.002212546393275261,0.030414372224760445
Gemma4-E4B,11,1.0,ridge,10,1.0,1.0,0.0,-0.0016867406996311728,-0.0016867406996311728,0.0,1.7993396639823913,0.03037534326392141
Gemma4-E4B,11,1.0,random,10,0.9,1.0,0.1,-0.09785753971302676,-0.09785753971302676,-0.1,0.0024970216676592828,0.030415339983952384
Gemma4-E4B,12,-1.0,ridge,10,1.0,1.0,0.0,-0.010353248050802621,0.010353248050802621,0.0,-1.3392656326293946,0.021742814878305143
Gemma4-E4B,12,-1.0,random,10,1.0,1.0,0.0,0.005790840842360012,-0.005790840842360012,0.0,-0.006116024311631918,0.0217105458754726
Gemma4-E4B,12,1.0,ridge,10,1.0,1.0,0.0,0.005200909277329568,0.005200909277329568,0.0,1.3394883751869202,0.02174292351381608
Gemma4-E4B,12,1.0,random,10,1.0,1.0,0.0,0.005812113245619787,0.005812113245619787,0.0,0.005916327610611916,0.02171033370231148
Gemma4-E4B,13,-1.0,ridge,10,1.0,1.0,0.0,-0.010304643382323554,0.010304643382323554,0.0,-1.4841469764709472,0.026234843346411692
Gemma4-E4B,13,-1.0,random,10,1.0,1.0,0.0,-0.015418115720722669,0.015418115720722669,0.0,-0.008818934671580791,0.026155795080552907
Gemma4-E4B,13,1.0,ridge,10,1.0,1.0,0.0,0.006599570783799224,0.006599570783799224,0.0,1.4840463876724244,0.02622139652376986
Gemma4-E4B,13,1.0,random,10,1.0,1.0,0.0,0.00011269935561157851,0.00011269935561157851,0.0,0.008650242816656828,0.026136375664681626
Gemma4-E4B,14,-1.0,ridge,10,1.0,1.0,0.0,-0.01545436914132572,0.01545436914132572,0.0,-1.3000064611434936,0.027526791970632857
Gemma4-E4B,14,-1.0,random,10,1.0,1.0,0.0,0.0034173666305041374,-0.0034173666305041374,0.0,0.0012519523035734892,0.0275259751113812
Gemma4-E4B,14,1.0,ridge,10,1.0,1.0,0.0,0.006093372793454765,0.006093372793454765,0.0,1.2996015906333924,0.027525991158015396
Gemma4-E4B,14,1.0,random,10,1.0,1.0,0.0,-0.0035519860049878283,-0.0035519860049878283,0.0,-0.0011650579515844583,0.02752625999433842
Gemma4-E4B,15,-1.0,ridge,10,1.0,1.0,0.0,-0.011572688202820336,0.011572688202820336,0.0,-1.1339707493782043,0.02444521716016144
Gemma4-E4B,15,-1.0,random,10,1.0,1.0,0.0,-0.01541106846110667,0.01541106846110667,0.0,-0.007212354708462954,0.02440262923189501
Gemma4-E4B,15,1.0,ridge,10,1.0,1.0,0.0,0.005641645102487036,0.005641645102487036,0.0,1.1340290546417235,0.02444459191773429
Gemma4-E4B,15,1.0,random,10,1.0,1.0,0.0,0.002878619044886355,0.002878619044886355,0.0,0.00725062326528132,0.024385574996720644
Gemma4-E4B,16,-1.0,ridge,10,1.0,1.0,0.0,-0.011542632030904576,0.011542632030904576,0.0,-1.350562846660614,0.0366723423586151
Gemma4-E4B,16,-1.0,random,10,1.0,1.0,0.0,0.0040477966887158875,-0.0040477966887158875,0.0,0.001689621713012457,0.03684475834828806
Gemma4-E4B,16,1.0,ridge,10,1.0,1.0,0.0,0.0038730974318268883,0.0038730974318268883,0.0,1.3503953218460083,0.03666916213637138
Gemma4-E4B,16,1.0,random,10,1.0,1.0,0.0,-0.03968716010137867,-0.03968716010137867,0.0,-0.0016356019303202629,0.03676086896169913
Gemma4-E4B,17,-1.0,ridge,10,1.0,1.0,0.0,-0.0016738954089276614,0.0016738954089276614,0.0,-1.2536146759986877,0.05318317808234659
Gemma4-E4B,17,-1.0,random,10,1.0,1.0,0.0,-0.004330065858040966,0.004330065858040966,0.0,-0.0015821830835193395,0.053192663556327534
Gemma4-E4B,17,1.0,ridge,10,1.0,1.0,0.0,0.002298003237147128,0.002298003237147128,0.0,1.2539801001548767,0.053174239103220444
Gemma4-E4B,17,1.0,random,10,1.0,1.0,0.0,0.010734259498587796,0.010734259498587796,0.0,0.0016573058906942605,0.05319451020311537
Gemma4-E4B,18,-1.0,ridge,10,1.0,1.0,0.0,-0.0006342875526432312,0.0006342875526432312,0.0,-1.1872638702392577,0.05434264955214396
Gemma4-E4B,18,-1.0,random,10,1.0,1.0,0.0,0.010583972803236197,-0.010583972803236197,0.0,-0.0019433986279182136,0.054234791206026124
Gemma4-E4B,18,1.0,ridge,10,1.0,1.0,0.0,0.0023955665047241228,0.0023955665047241228,0.0,1.1874329090118407,0.0543438439375747
Gemma4-E4B,18,1.0,random,10,1.0,1.0,0.0,-0.035455269274222975,-0.035455269274222975,0.0,0.001972111500799656,0.05423467827463955
Gemma4-E4B,19,-1.0,ridge,10,1.0,1.0,0.0,0.001141073042392904,-0.001141073042392904,0.0,-0.9870313704013824,0.04897493935384831
Gemma4-E4B,19,-1.0,random,10,1.0,1.0,0.0,-0.04507996031982131,0.04507996031982131,0.0,-0.0003557746997103095,0.049061417788592944
Gemma4-E4B,19,1.0,ridge,10,1.0,1.0,0.0,0.0019628836973072604,0.0019628836973072604,0.0,0.9869452893733979,0.04897795194875783
Gemma4-E4B,19,1.0,random,10,1.0,1.0,0.0,0.006987398794315825,0.006987398794315825,0.0,0.00038417293690145015,0.04905968936954016
Gemma4-E4B,20,-1.0,ridge,10,1.0,1.0,0.0,-0.00010164055988028941,0.00010164055988028941,0.0,-0.9375154733657837,0.043760176560655874
Gemma4-E4B,20,-1.0,random,10,1.0,1.0,0.0,-0.008233767093638145,0.008233767093638145,0.0,-0.0006353345699608326,0.04376288748022107
Gemma4-E4B,20,1.0,ridge,10,1.0,1.0,0.0,-0.00028348820541053145,-0.00028348820541053145,0.0,0.9372649490833282,0.04376079952596744
Gemma4-E4B,20,1.0,random,10,1.0,1.0,0.0,0.0020675834651749715,0.0020675834651749715,0.0,0.0005594701506197453,0.04376324620181493
Gemma4-E4B,21,-1.0,ridge,10,1.0,1.0,0.0,0.0007775301606169016,-0.0007775301606169016,0.0,-0.9411903440952301,0.039852133256596624
Gemma4-E4B,21,-1.0,random,10,1.0,1.0,0.0,-0.03013701439939309,0.03013701439939309,0.0,0.00019507480319589377,0.03985686858993674
Gemma4-E4B,21,1.0,ridge,10,1.0,1.0,0.0,0.0023358567982411315,0.0023358567982411315,0.0,0.9411500632762909,0.03985442903757689
Gemma4-E4B,21,1.0,random,10,1.0,1.0,0.0,-0.01348584769266048,-0.01348584769266048,0.0,-9.277270874008536e-05,0.03985578511322506
Gemma4-E4B,22,-1.0,ridge,10,1.0,1.0,0.0,-0.0010600622680038362,0.0010600622680038362,0.0,-1.1659315943717956,0.054827072686482146
Gemma4-E4B,22,-1.0,random,10,1.0,1.0,0.0,-0.010832531149366664,0.010832531149366664,0.0,0.0010903293266892433,0.05480205640007348
Gemma4-E4B,22,1.0,ridge,10,1.0,1.0,0.0,0.0011339591014851713,0.0011339591014851713,0.0,1.166193151473999,0.05483054987732324
Gemma4-E4B,22,1.0,random,10,1.0,1.0,0.0,0.005134934414060721,0.005134934414060721,0.0,-0.0010646275710314511,0.054800053385330685
Gemma4-E4B,23,-1.0,ridge,10,1.0,1.0,0.0,0.0,0.0,0.0,-1.1771027445793152,0.05306466570578644
Gemma4-E4B,23,-1.0,random,10,1.0,1.0,0.0,0.0,0.0,0.0,0.0008820750750601292,0.05308106345061055
Gemma4-E4B,23,1.0,ridge,10,1.0,1.0,0.0,0.0,0.0,0.0,1.1769777894020081,0.053063272024239716
Gemma4-E4B,23,1.0,random,10,1.0,1.0,0.0,0.0,0.0,0.0,-0.0008143477141857147,0.05307951340085498
Gemma4-E4B,24,-1.0,ridge,10,1.0,1.0,0.0,0.0,0.0,0.0,-1.2375446796417235,0.04158142863554269
Gemma4-E4B,24,-1.0,random,10,1.0,1.0,0.0,0.0,0.0,0.0,0.00028497083112597463,0.04151225648455914
Gemma4-E4B,24,1.0,ridge,10,1.0,1.0,0.0,0.0,0.0,0.0,1.237423825263977,0.04158518062806425
Gemma4-E4B,24,1.0,random,10,1.0,1.0,0.0,0.0,0.0,0.0,-0.00028577372431755067,0.04150996493869674
Gemma4-E4B,25,-1.0,ridge,10,1.0,1.0,0.0,0.0,0.0,0.0,-1.0969510436058045,0.03559231235962989
Gemma4-E4B,25,-1.0,random,10,1.0,1.0,0.0,0.0,0.0,0.0,-0.0006690844893455505,0.03550158599400471
Gemma4-E4B,25,1.0,ridge,10,1.0,1.0,0.0,0.0,0.0,0.0,1.097435986995697,0.03559808197154934
Gemma4-E4B,25,1.0,random,10,1.0,1.0,0.0,0.0,0.0,0.0,0.0007002184167504311,0.03550380989098384
Gemma4-E4B,26,-1.0,ridge,10,1.0,1.0,0.0,0.0,0.0,0.0,-1.032109260559082,0.03121714219848253
Gemma4-E4B,26,-1.0,random,10,1.0,1.0,0.0,0.0,0.0,0.0,-0.002127720508724451,0.03108731074839881
Gemma4-E4B,26,1.0,ridge,10,1.0,1.0,0.0,0.0,0.0,0.0,1.031954574584961,0.031217230148274665
Gemma4-E4B,26,1.0,random,10,1.0,1.0,0.0,0.0,0.0,0.0,0.002059619501233101,0.031087111393878673
Gemma4-E4B,27,-1.0,ridge,10,1.0,1.0,0.0,0.0,0.0,0.0,-1.017981970310211,0.03192704188361191
Gemma4-E4B,27,-1.0,random,10,1.0,1.0,0.0,0.0,0.0,0.0,0.005627398286014796,0.032055794275180696
Gemma4-E4B,27,1.0,ridge,10,1.0,1.0,0.0,0.0,0.0,0.0,1.0182908535003663,0.0319331388922094
Gemma4-E4B,27,1.0,random,10,1.0,1.0,0.0,0.0,0.0,0.0,-0.005568303912878036,0.03205467631964138
Gemma4-E4B,28,-1.0,ridge,10,1.0,1.0,0.0,0.0,0.0,0.0,-1.0746384739875794,0.035108230603324256
Gemma4-E4B,28,-1.0,random,10,1.0,1.0,0.0,0.0,0.0,0.0,0.009767239075154066,0.0349588381473597
Gemma4-E4B,28,1.0,ridge,10,1.0,1.0,0.0,0.0,0.0,0.0,1.0747197031974793,0.035108041082064036
Gemma4-E4B,28,1.0,random,10,1.0,1.0,0.0,0.0,0.0,0.0,-0.009870694205164909,0.03495690568169514
Gemma4-E4B,29,-1.0,ridge,10,1.0,1.0,0.0,0.0,0.0,0.0,-1.0092493891716003,0.04237533378312152
Gemma4-E4B,29,-1.0,random,10,1.0,1.0,0.0,0.0,0.0,0.0,0.0026682792929932477,0.04238686378140787
Gemma4-E4B,29,1.0,ridge,10,1.0,1.0,0.0,0.0,0.0,0.0,1.0086761355400085,0.042368054784484285
Gemma4-E4B,29,1.0,random,10,1.0,1.0,0.0,0.0,0.0,0.0,-0.0029078432358801364,0.04238980548927966
Gemma4-E4B,30,-1.0,ridge,10,1.0,1.0,0.0,0.0,0.0,0.0,-0.9557905793190002,0.04050131580009867
Gemma4-E4B,30,-1.0,random,10,1.0,1.0,0.0,0.0,0.0,0.0,-0.008795142360031604,0.04042397788272961
Gemma4-E4B,30,1.0,ridge,10,1.0,1.0,0.0,0.0,0.0,0.0,0.9560450553894043,0.040504369287133836
Gemma4-E4B,30,1.0,random,10,1.0,1.0,0.0,0.0,0.0,0.0,0.00886855022981763,0.04042137545507558
Gemma4-E4B,31,-1.0,ridge,10,1.0,1.0,0.0,0.0,0.0,0.0,-0.9793201804161071,0.03799417401229999
Gemma4-E4B,31,-1.0,random,10,1.0,1.0,0.0,0.0,0.0,0.0,-0.008163312543183565,0.03787819856108428
Gemma4-E4B,31,1.0,ridge,10,1.0,1.0,0.0,0.0,0.0,0.0,0.9792848408222199,0.03799778126858301
Gemma4-E4B,31,1.0,random,10,1.0,1.0,0.0,0.0,0.0,0.0,0.008225640375167131,0.0378815287630629
Gemma4-E4B,32,-1.0,ridge,10,1.0,1.0,0.0,0.0,0.0,0.0,-1.0119049549102783,0.03382611418107761
Gemma4-E4B,32,-1.0,random,10,1.0,1.0,0.0,0.0,0.0,0.0,-0.0004586544586345553,0.033852603534503645
Gemma4-E4B,32,1.0,ridge,10,1.0,1.0,0.0,0.0,0.0,0.0,1.0116958498954773,0.033826476764219564
Gemma4-E4B,32,1.0,random,10,1.0,1.0,0.0,0.0,0.0,0.0,0.0003607854479923844,0.033850915128359985
Gemma4-E4B,33,-1.0,ridge,10,1.0,1.0,0.0,0.0,0.0,0.0,-1.0543143272399902,0.025745777233522983
Gemma4-E4B,33,-1.0,random,10,1.0,1.0,0.0,0.0,0.0,0.0,0.00020024729892611503,0.02574425224428078
Gemma4-E4B,33,1.0,ridge,10,1.0,1.0,0.0,0.0,0.0,0.0,1.0542124271392823,0.025744966816258385
Gemma4-E4B,33,1.0,random,10,1.0,1.0,0.0,0.0,0.0,0.0,-0.00028154309839010236,0.02574451293829092
Gemma4-E4B,34,-1.0,ridge,10,1.0,1.0,0.0,0.0,0.0,0.0,-1.0304418802261353,0.02226025913949172
Gemma4-E4B,34,-1.0,random,10,1.0,1.0,0.0,0.0,0.0,0.0,0.0017748913262039423,0.022259705195895894
Gemma4-E4B,34,1.0,ridge,10,1.0,1.0,0.0,0.0,0.0,0.0,1.030287516117096,0.022258148776722858
Gemma4-E4B,34,1.0,random,10,1.0,1.0,0.0,0.0,0.0,0.0,-0.0015455074608325958,0.02225911518572448
Gemma4-E4B,35,-1.0,ridge,10,1.0,1.0,0.0,0.0,0.0,0.0,-0.8402326464653015,0.018282795371003236
Gemma4-E4B,35,-1.0,random,10,1.0,1.0,0.0,0.0,0.0,0.0,0.00017211297526955604,0.018293428727766403
Gemma4-E4B,35,1.0,ridge,10,1.0,1.0,0.0,0.0,0.0,0.0,0.8402841866016388,0.01828494104843994
Gemma4-E4B,35,1.0,random,10,1.0,1.0,0.0,0.0,0.0,0.0,-0.00012455349788069724,0.0182944928459264
Gemma4-E4B,36,-1.0,ridge,10,1.0,1.0,0.0,0.0,0.0,0.0,-0.8630833208560944,0.01779166626024182
Gemma4-E4B,36,-1.0,random,10,1.0,1.0,0.0,0.0,0.0,0.0,-0.0020504117477685214,0.01780582339092442
Gemma4-E4B,36,1.0,ridge,10,1.0,1.0,0.0,0.0,0.0,0.0,0.8628494083881378,0.017790636719217143
Gemma4-E4B,36,1.0,random,10,1.0,1.0,0.0,0.0,0.0,0.0,0.0020473935874179006,0.017806096250903906
Gemma4-E4B,37,-1.0,ridge,10,1.0,1.0,0.0,0.0,0.0,0.0,-0.7855955541133881,0.016560997540806047
Gemma4-E4B,37,-1.0,random,10,1.0,1.0,0.0,0.0,0.0,0.0,0.0006772206164896488,0.016567665179053455
Gemma4-E4B,37,1.0,ridge,10,1.0,1.0,0.0,0.0,0.0,0.0,0.7854495763778686,0.016560588405441605
Gemma4-E4B,37,1.0,random,10,1.0,1.0,0.0,0.0,0.0,0.0,-0.0005408040713518858,0.016567818003120894
Gemma4-E4B,38,-1.0,ridge,10,1.0,1.0,0.0,0.0,0.0,0.0,-0.7083519279956818,0.015341685494744156
Gemma4-E4B,38,-1.0,random,10,1.0,1.0,0.0,0.0,0.0,0.0,0.00038271897938102484,0.015389913437541846
Gemma4-E4B,38,1.0,ridge,10,1.0,1.0,0.0,0.0,0.0,0.0,0.7084655404090882,0.015341997046543288
Gemma4-E4B,38,1.0,random,10,1.0,1.0,0.0,0.0,0.0,0.0,-0.00043345242738723755,0.01538906819728093
Gemma4-E4B,39,-1.0,ridge,10,1.0,1.0,0.0,0.0,0.0,0.0,-0.7215267181396484,0.016259393065027543
Gemma4-E4B,39,-1.0,random,10,1.0,1.0,0.0,0.0,0.0,0.0,0.00039203627966344357,0.016273279167137725
Gemma4-E4B,39,1.0,ridge,10,1.0,1.0,0.0,0.0,0.0,0.0,0.7215746462345123,0.0162598904184781
Gemma4-E4B,39,1.0,random,10,1.0,1.0,0.0,0.0,0.0,0.0,-0.00036171600222587583,0.016273473268431482
Gemma4-E4B,40,-1.0,ridge,10,1.0,1.0,0.0,0.0,0.0,0.0,-0.7903697609901428,0.01824557303293279
Gemma4-E4B,40,-1.0,random,10,1.0,1.0,0.0,0.0,0.0,0.0,-0.0006566882133483887,0.018248073991375503
Gemma4-E4B,40,1.0,ridge,10,1.0,1.0,0.0,0.0,0.0,0.0,0.790431547164917,0.018242867967213538
Gemma4-E4B,40,1.0,random,10,1.0,1.0,0.0,0.0,0.0,0.0,0.0006208450999110937,0.01824839339446757
Gemma4-E4B,41,-1.0,ridge,10,1.0,1.0,0.0,0.0,0.0,0.0,-1.2437064528465271,0.02083125823830412
Gemma4-E4B,41,-1.0,random,10,1.0,1.0,0.0,0.0,0.0,0.0,-0.0023870264180004598,0.020875259384961906
Gemma4-E4B,41,1.0,ridge,10,1.0,1.0,0.0,0.0,0.0,0.0,1.244118058681488,0.020831837737837044
Gemma4-E4B,41,1.0,random,10,1.0,1.0,0.0,0.0,0.0,0.0,0.002249267278239131,0.020875534945188432
